window_start,window_end,AIRLINE,avg_arrival_delay,avg_departure_delay,flight_count,delayed_flights,delay_rate_pct,ALERT
2026-06-02 23:19:00,2026-06-02 23:20:00,F9,82.58,73.72,50,41,82.0,WARNING: HIGH DELAY (>15.0 min)
2026-06-02 23:18:00,2026-06-02 23:19:00,F9,59.19565217391305,46.67391304347826,46,30,65.22,WARNING: HIGH DELAY (>15.0 min)
2026-06-02 23:19:00,2026-06-02 23:20:00,AA,52.34615384615385,52.06804733727811,338,225,66.57,WARNING: HIGH DELAY (>15.0 min)
2026-06-02 23:19:00,2026-06-02 23:20:00,HA,52.16279069767442,49.41860465116279,43,36,83.72,WARNING: HIGH DELAY (>15.0 min)
2026-06-02 23:19:00,2026-06-02 23:20:00,B6,52.07878787878788,42.24242424242424,165,113,68.48,WARNING: HIGH DELAY (>15.0 min)
2026-06-02 23:19:00,2026-06-02 23:20:00,MQ,50.59803921568628,45.916666666666664,204,136,66.67,WARNING: HIGH DELAY (>15.0 min)
2026-06-02 23:16:00,2026-06-02 23:17:00,HA,49.27777777777778,38.80555555555556,72,61,84.72,WARNING: HIGH DELAY (>15.0 min)
2026-06-02 23:19:00,2026-06-02 23:20:00,EV,48.4720194647202,44.58880778588808,411,264,64.23,WARNING: HIGH DELAY (>15.0 min)
2026-06-02 23:19:00,2026-06-02 23:20:00,WN,44.94062863795111,47.69266589057043,859,613,71.36,WARNING: HIGH DELAY (>15.0 min)
2026-06-02 23:18:00,2026-06-02 23:19:00,MQ,41.41907514450867,37.59826589595376,346,232,67.05,WARNING: HIGH DELAY (>15.0 min)
2026-06-02 23:19:00,2026-06-02 23:20:00,NK,41.15625,40.625,64,43,67.19,WARNING: HIGH DELAY (>15.0 min)
2026-06-02 23:19:00,2026-06-02 23:20:00,UA,37.54181818181818,41.8,275,178,64.73,WARNING: HIGH DELAY (>15.0 min)
2026-06-02 23:18:00,2026-06-02 23:19:00,EV,37.320621468926554,35.043785310734464,708,375,52.97,WARNING: HIGH DELAY (>15.0 min)
2026-06-02 23:18:00,2026-06-02 23:19:00,NK,34.98850574712644,32.3448275862069,87,46,52.87,WARNING: HIGH DELAY (>15.0 min)
2026-06-02 23:19:00,2026-06-02 23:20:00,OO,33.5,33.13265306122449,392,195,49.74,WARNING: HIGH DELAY (>15.0 min)
2026-06-02 23:16:00,2026-06-02 23:17:00,AA,33.13374485596708,33.25925925925926,486,233,47.94,WARNING: HIGH DELAY (>15.0 min)
2026-06-02 23:18:00,2026-06-02 23:19:00,OO,33.02093397745572,29.91304347826087,621,295,47.5,WARNING: HIGH DELAY (>15.0 min)
2026-06-02 23:18:00,2026-06-02 23:19:00,UA,32.255528255528255,31.496314496314497,407,237,58.23,WARNING: HIGH DELAY (>15.0 min)
2026-06-02 23:16:00,2026-06-02 23:17:00,MQ,29.34493670886076,22.867088607594937,316,168,53.16,WARNING: HIGH DELAY (>15.0 min)
2026-06-02 23:17:00,2026-06-02 23:18:00,MQ,28.920152091254753,17.604562737642585,263,136,51.71,WARNING: HIGH DELAY (>15.0 min)
2026-06-02 23:18:00,2026-06-02 23:19:00,HA,27.88372093023256,22.267441860465116,86,51,59.3,WARNING: HIGH DELAY (>15.0 min)
2026-06-02 23:18:00,2026-06-02 23:19:00,AA,26.29943502824859,24.832391713747647,531,255,48.02,WARNING: HIGH DELAY (>15.0 min)
2026-06-02 23:15:00,2026-06-02 23:16:00,HA,24.9390243902439,17.426829268292682,82,33,40.24,WARNING: HIGH DELAY (>15.0 min)
2026-06-02 23:19:00,2026-06-02 23:20:00,US,24.013761467889907,25.605504587155963,218,95,43.58,WARNING: HIGH DELAY (>15.0 min)
2026-06-02 23:13:00,2026-06-02 23:14:00,F9,24.009174311926607,17.275229357798164,109,55,50.46,WARNING: HIGH DELAY (>15.0 min)
2026-06-02 23:16:00,2026-06-02 23:17:00,F9,23.182795698924732,24.258064516129032,93,42,45.16,WARNING: HIGH DELAY (>15.0 min)
2026-06-02 23:18:00,2026-06-02 23:19:00,WN,22.203252032520325,24.11138211382114,1230,555,45.12,WARNING: HIGH DELAY (>15.0 min)
2026-06-02 23:17:00,2026-06-02 23:18:00,HA,21.788732394366196,11.985915492957746,71,22,30.99,WARNING: HIGH DELAY (>15.0 min)
2026-06-02 23:17:00,2026-06-02 23:18:00,AA,21.678916827852998,19.58027079303675,517,158,30.56,WARNING: HIGH DELAY (>15.0 min)
2026-06-02 23:13:00,2026-06-02 23:14:00,AA,21.676625659050966,23.449912126537786,569,236,41.48,WARNING: HIGH DELAY (>15.0 min)
2026-06-02 23:16:00,2026-06-02 23:17:00,WN,21.649629018961253,25.933223413025555,1213,604,49.79,WARNING: HIGH DELAY (>15.0 min)
2026-06-02 23:17:00,2026-06-02 23:18:00,EV,21.160377358490567,15.020754716981132,530,214,40.38,WARNING: HIGH DELAY (>15.0 min)
2026-06-02 23:17:00,2026-06-02 23:18:00,F9,21.12987012987013,19.51948051948052,77,24,31.17,WARNING: HIGH DELAY (>15.0 min)
2026-06-02 23:13:00,2026-06-02 23:14:00,MQ,19.622222222222224,18.197222222222223,360,175,48.61,WARNING: HIGH DELAY (>15.0 min)
2026-06-02 23:19:00,2026-06-02 23:20:00,DL,19.3068669527897,21.57510729613734,466,196,42.06,WARNING: HIGH DELAY (>15.0 min)
2026-06-02 23:14:00,2026-06-02 23:15:00,MQ,18.588815789473685,15.00328947368421,304,116,38.16,WARNING: HIGH DELAY (>15.0 min)
2026-06-02 23:14:00,2026-06-02 23:15:00,F9,18.12121212121212,16.393939393939394,99,35,35.35,WARNING: HIGH DELAY (>15.0 min)
2026-06-02 23:17:00,2026-06-02 23:18:00,OO,17.918478260869566,14.81340579710145,552,184,33.33,WARNING: HIGH DELAY (>15.0 min)
2026-06-02 23:15:00,2026-06-02 23:16:00,AA,17.621832358674464,19.39571150097466,513,186,36.26,WARNING: HIGH DELAY (>15.0 min)
2026-06-02 23:18:00,2026-06-02 23:19:00,US,17.094637223974765,14.902208201892744,317,104,32.81,WARNING: HIGH DELAY (>15.0 min)
2026-06-02 23:13:00,2026-06-02 23:14:00,OO,16.442622950819672,16.0,549,187,34.06,WARNING: HIGH DELAY (>15.0 min)
2026-06-02 23:15:00,2026-06-02 23:16:00,NK,16.026666666666667,19.733333333333334,75,26,34.67,WARNING: HIGH DELAY (>15.0 min)
2026-06-02 23:16:00,2026-06-02 23:17:00,UA,16.022727272727273,24.245454545454546,440,158,35.91,WARNING: HIGH DELAY (>15.0 min)
2026-06-02 23:15:00,2026-06-02 23:16:00,MQ,15.769436997319035,16.831099195710454,373,153,41.02,WARNING: HIGH DELAY (>15.0 min)
2026-06-02 23:19:00,2026-06-02 23:20:00,AS,15.135135135135135,12.405405405405405,111,36,32.43,WARNING: HIGH DELAY (>15.0 min)
2026-06-02 23:17:00,2026-06-02 23:18:00,NK,15.044642857142858,12.9375,112,38,33.93,WARNING: HIGH DELAY (>15.0 min)
2026-06-02 23:16:00,2026-06-02 23:17:00,NK,14.877551020408163,18.306122448979593,98,36,36.73,OK: Normal
2026-06-02 23:16:00,2026-06-02 23:17:00,OO,14.663701067615659,16.40035587188612,562,173,30.78,OK: Normal
2026-06-02 23:15:00,2026-06-02 23:16:00,F9,14.279411764705882,15.088235294117647,68,23,33.82,OK: Normal
2026-06-02 23:17:00,2026-06-02 23:18:00,UA,13.48046875,15.791015625,512,170,33.2,OK: Normal
2026-06-02 23:14:00,2026-06-02 23:15:00,OO,13.329479768786127,12.28131021194605,519,138,26.59,OK: Normal
2026-06-02 23:14:00,2026-06-02 23:15:00,AA,12.707720588235293,12.841911764705882,544,142,26.1,OK: Normal
2026-06-02 23:16:00,2026-06-02 23:17:00,EV,12.489966555183946,11.47324414715719,598,187,31.27,OK: Normal
2026-06-02 23:15:00,2026-06-02 23:16:00,OO,12.202511773940346,14.602825745682889,637,191,29.98,OK: Normal
2026-06-02 23:13:00,2026-06-02 23:14:00,UA,12.163755458515285,18.814410480349345,458,140,30.57,OK: Normal
2026-06-02 23:13:00,2026-06-02 23:14:00,WN,11.654083204930663,15.473035439137133,1298,426,32.82,OK: Normal
2026-06-02 23:16:00,2026-06-02 23:17:00,AS,11.64968152866242,9.006369426751592,157,42,26.75,OK: Normal
2026-06-02 23:18:00,2026-06-02 23:19:00,DL,11.519424460431654,13.887769784172662,695,177,25.47,OK: Normal
2026-06-02 23:12:00,2026-06-02 23:13:00,AA,11.008547008547009,13.929487179487179,468,108,23.08,OK: Normal
2026-06-02 23:15:00,2026-06-02 23:16:00,UA,10.663019693654267,18.50765864332604,457,130,28.45,OK: Normal
2026-06-02 23:15:00,2026-06-02 23:16:00,WN,10.514460999123576,14.900087642418931,1141,331,29.01,OK: Normal
2026-06-02 23:12:00,2026-06-02 23:13:00,HA,9.727272727272727,5.077922077922078,77,17,22.08,OK: Normal
2026-06-02 23:18:00,2026-06-02 23:19:00,B6,9.708920187793428,8.5962441314554,213,63,29.58,OK: Normal
2026-06-02 23:12:00,2026-06-02 23:13:00,OO,9.239795918367347,11.60204081632653,588,139,23.64,OK: Normal
2026-06-02 23:13:00,2026-06-02 23:14:00,NK,9.067961165048544,12.41747572815534,103,24,23.3,OK: Normal
2026-06-02 23:14:00,2026-06-02 23:15:00,HA,8.26388888888889,1.4166666666666667,72,14,19.44,OK: Normal
2026-06-02 23:17:00,2026-06-02 23:18:00,US,7.862790697674418,7.369767441860465,430,94,21.86,OK: Normal
2026-06-02 23:14:00,2026-06-02 23:15:00,NK,7.569105691056911,9.512195121951219,123,30,24.39,OK: Normal
2026-06-02 23:12:00,2026-06-02 23:13:00,F9,7.166666666666667,8.5,78,21,26.92,OK: Normal
2026-06-02 23:12:00,2026-06-02 23:13:00,MQ,6.758196721311475,7.635245901639344,244,63,25.82,OK: Normal
2026-06-02 23:17:00,2026-06-02 23:18:00,WN,6.354092526690391,10.420818505338078,1124,257,22.86,OK: Normal
2026-06-02 23:15:00,2026-06-02 23:16:00,AS,6.153284671532846,7.598540145985401,137,31,22.63,OK: Normal
2026-06-02 23:14:00,2026-06-02 23:15:00,UA,6.0394736842105265,11.360902255639099,532,112,21.05,OK: Normal
2026-06-02 23:12:00,2026-06-02 23:13:00,NK,6.038961038961039,9.233766233766234,77,18,23.38,OK: Normal
2026-06-02 23:13:00,2026-06-02 23:14:00,HA,5.554216867469879,4.228915662650603,83,10,12.05,OK: Normal
2026-06-02 23:17:00,2026-06-02 23:18:00,AS,5.178010471204188,8.643979057591624,191,35,18.32,OK: Normal
2026-06-02 23:18:00,2026-06-02 23:19:00,AS,4.937984496124031,6.922480620155039,129,27,20.93,OK: Normal
2026-06-02 23:13:00,2026-06-02 23:14:00,B6,4.735074626865671,7.082089552238806,268,59,22.01,OK: Normal
2026-06-02 23:12:00,2026-06-02 23:13:00,UA,4.734966592427617,14.683741648106905,449,89,19.82,OK: Normal
2026-06-02 23:13:00,2026-06-02 23:14:00,EV,4.306451612903226,5.847670250896058,558,117,20.97,OK: Normal
2026-06-02 23:16:00,2026-06-02 23:17:00,VX,3.703125,7.8125,64,14,21.88,OK: Normal
2026-06-02 23:16:00,2026-06-02 23:17:00,US,3.3444730077120823,4.650385604113111,389,68,17.48,OK: Normal
2026-06-02 23:15:00,2026-06-02 23:16:00,EV,3.2668621700879767,5.614369501466276,682,133,19.5,OK: Normal
2026-06-02 23:16:00,2026-06-02 23:17:00,DL,2.9055007052186177,8.280677009873061,709,142,20.03,OK: Normal
2026-06-02 23:17:00,2026-06-02 23:18:00,DL,2.66,6.8875,800,129,16.13,OK: Normal
2026-06-02 23:14:00,2026-06-02 23:15:00,EV,2.526,3.068,500,80,16.0,OK: Normal
2026-06-02 23:19:00,2026-06-02 23:20:00,VX,2.375,10.975,40,7,17.5,OK: Normal
2026-06-02 23:15:00,2026-06-02 23:16:00,VX,2.130434782608696,6.1521739130434785,46,8,17.39,OK: Normal
2026-06-02 23:14:00,2026-06-02 23:15:00,WN,2.06951871657754,7.038324420677362,1122,171,15.24,OK: Normal
2026-06-02 23:14:00,2026-06-02 23:15:00,AS,0.9842105263157894,5.310526315789474,190,23,12.11,OK: Normal
2026-06-02 23:13:00,2026-06-02 23:14:00,US,0.9287356321839081,4.142528735632184,435,73,16.78,OK: Normal
2026-06-02 23:16:00,2026-06-02 23:17:00,B6,0.7619047619047619,3.0595238095238093,252,40,15.87,OK: Normal
2026-06-02 23:12:00,2026-06-02 23:13:00,EV,0.4344422700587084,4.23091976516634,511,62,12.13,OK: Normal
2026-06-02 23:17:00,2026-06-02 23:18:00,B6,0.24829931972789115,4.119047619047619,294,44,14.97,OK: Normal
2026-06-02 23:12:00,2026-06-02 23:13:00,WN,0.23448905109489052,5.153284671532846,1096,135,12.32,OK: Normal
2026-06-02 23:17:00,2026-06-02 23:18:00,VX,0.19696969696969696,4.954545454545454,66,9,13.64,OK: Normal
2026-06-02 23:15:00,2026-06-02 23:16:00,US,-0.1837837837837838,2.827027027027027,370,41,11.08,OK: Normal
2026-06-02 23:14:00,2026-06-02 23:15:00,US,-0.6712328767123288,1.004566210045662,438,49,11.19,OK: Normal
2026-06-02 23:14:00,2026-06-02 23:15:00,VX,-0.7714285714285715,3.342857142857143,70,9,12.86,OK: Normal
2026-06-02 23:15:00,2026-06-02 23:16:00,B6,-0.7870370370370371,3.138888888888889,216,25,11.57,OK: Normal
2026-06-02 23:15:00,2026-06-02 23:16:00,DL,-0.8444148936170213,5.934840425531915,752,74,9.84,OK: Normal
2026-06-02 23:12:00,2026-06-02 23:13:00,B6,-0.875,4.75,232,27,11.64,OK: Normal
2026-06-02 23:12:00,2026-06-02 23:13:00,US,-1.0628415300546448,3.871584699453552,366,39,10.66,OK: Normal
2026-06-02 23:14:00,2026-06-02 23:15:00,B6,-1.5555555555555556,2.0634920634920637,315,41,13.02,OK: Normal
2026-06-02 23:18:00,2026-06-02 23:19:00,VX,-1.7083333333333333,4.208333333333333,48,3,6.25,OK: Normal
2026-06-02 23:12:00,2026-06-02 23:13:00,AS,-1.8513513513513513,1.9324324324324325,148,15,10.14,OK: Normal
2026-06-02 23:13:00,2026-06-02 23:14:00,VX,-2.2753623188405796,2.8550724637681157,69,6,8.7,OK: Normal
2026-06-02 23:13:00,2026-06-02 23:14:00,AS,-2.3066666666666666,2.84,150,14,9.33,OK: Normal
2026-06-02 23:12:00,2026-06-02 23:13:00,VX,-3.1538461538461537,1.2115384615384615,52,3,5.77,OK: Normal
2026-06-02 23:14:00,2026-06-02 23:15:00,DL,-3.505524861878453,3.8908839779005526,724,52,7.18,OK: Normal
2026-06-02 23:12:00,2026-06-02 23:13:00,DL,-7.235204855842185,3.4992412746585737,659,36,5.46,OK: Normal
2026-06-02 23:13:00,2026-06-02 23:14:00,DL,-9.1125,2.5910714285714285,560,41,7.32,OK: Normal
